"session.code","group.id_in_subsession","participant.code","player.hours_stated","player.control_correct","player.belief","player.age","player.gender","player.study","player.study_level","player.econ","player.moral_freude","player.moral_aerger","player.moral_angst","player.moral_scham","player.moral_schuld","player.risk","player.lie","player.complex","player.income","player.pol","player.pray","player.lab_exp","player.exp_demand_open","player.exp_demand_chat","player.exp_demand_chat_open"
"lz7dyuw7",1,"13k4262b",15,0,10,54,1,8,1,2,10,1,1,1,1,2,3,1,1200,5,1,2,"Wie ehrlich sind die Menschen",2,""
"lz7dyuw7",1,"bgb6kfog",15,0,56,31,1,8,1,1,1,2,1,1,1,1,2,1,340,7,2,2,"",2,""
"lz7dyuw7",1,"jemdgnjp",17,1,70,20,2,8,1,1,8,1,1,1,1,3,7,7,250,3,1,1,"Wie genau und ehrlich Mitarbeiter ihre eigene Arbeitszeit beurteilen würden",2,""
"lz7dyuw7",1,"5t4153nm",17,0,40,22,2,1,1,2,6,1,5,9,7,0,3,9,200,5,1,2,"",2,""
"lz7dyuw7",1,"wmznqgle",50,1,65,21,1,8,1,1,7,2,1,1,1,6,2,3,350,5,2,1,"Risikobereitschaft zum eigenen Vorteil",2,""
"lz7dyuw7",1,"for718dj",50,0,55,29,1,8,1,1,10,1,3,1,1,9,9,11,300,6,5,1,"Korruption, gelegenheit macht Diebe",2,""
"lz7dyuw7",1,"k91ypf06",30,0,60,20,1,8,1,1,1,1,1,1,1,2,5,1,1200,4,1,2,"Risikobereitschaft, Opportunismus",2,""
"lz7dyuw7",1,"7xfwb0zu",30,1,70,21,2,8,1,1,9,1,5,1,1,7,7,5,300,5,1,1,"Risikobereitschaft, Ehrlichkeit unter Angestellten",2,""
"lz7dyuw7",1,"dirw21la",50,0,95,22,1,3,1,2,6,3,2,2,2,5,4,2,100,2,1,3,"Bereitschaft zu lügen, um sich einen eigenen Vorteil zu verschaffen",2,""
"lz7dyuw7",1,"biwxsqhs",50,0,90,22,1,1,1,2,10,1,2,1,1,5,6,1,150,4,1,2,"Wie risikobereit sind Menschen, wenn sie einen Vorteil durch Betrug erhalten, bei dem keine weitere Person direkt zuschaden kommt.",2,""
"lz7dyuw7",1,"h5s37olr",50,1,100,23,1,8,1,1,8,6,2,2,2,6,6,8,200,5,NA,1,"Meneschenverhalten",2,"-"
"lz7dyuw7",1,"74xuezf4",50,0,80,20,1,8,1,1,10,8,1,1,1,8,8,9,500,5,1,1,"oportunismus & risikobereitschaft unter absprache",2,""
"lz7dyuw7",1,"4cuvzyul",40,1,93,20,2,8,1,1,10,2,9,8,6,6,7,8,150,6,1,1,"Welche Aspekte man bei dieser Entscheidung beachtet und wie sie die eigene Beeinflusst. gibt man extra weniger an, um Risiko zu vermeiden? Gibt man extra alles an, weil man davon asugeht, dass alle mehr angeben?",2,""
"lz7dyuw7",1,"q0k1uimp",40,0,80,20,1,8,1,1,9,1,3,1,1,10,2,7,300,6,5,1,"Risikobereitschaft",2,""
"ooopruyi",6,"4m2h93o6",10,1,10,18,1,8,1,1,8,7,3,1,1,5,9,4,700,4,1,1,"",2,""
"ooopruyi",3,"4mnz2x90",30,0,80,20,2,8,1,1,7,1,1,1,1,7,8,2,300,4,1,1,"",2,""
"ooopruyi",5,"5oeu51fv",60,1,20,26,2,4,2,2,8,1,3,1,1,5,2,2,380,3,1,2,"Risikobereitschaft, Unternehmensloyalität, Geschlechterunterschiede im Handeln im Rahmen der Arbeitswelt, Gehaltsverhandlungen",2,""
"ooopruyi",2,"8k0ek7on",60,1,80,19,1,8,1,1,10,1,1,1,1,5,7,4,100,5,1,1,"Wie risikobereit und vertrauenswürdig sind Mitarbeiter in einem Betrieb, der Gleitzeit anbietet?",2,""
"ooopruyi",4,"ax89w8tk",10,0,50,18,2,6,1,2,9,1,2,2,2,6,7,6,1200,4,1,1,"Risikobereitschaft der Menschen wegen Geld zu lügen",2,""
"ooopruyi",6,"c2rj2tut",10,0,15,23,2,8,1,1,3,5,2,8,1,2,4,7,200,3,1,1,"Risikobereitschaft abhängig vom frei verfügbaren Einkommen",2,""
"ooopruyi",1,"de063mau",20,1,50,18,2,6,1,2,9,1,10,10,7,3,3,3,450,3,1,2,"",2,""
"ooopruyi",3,"e6ygkxfp",30,0,90,18,2,4,5,2,5,8,7,9,9,8,7,7,150,2,1,1,"Risikobereitschaft in Zusammenhang mit finanziellem Gewinn/verlust",2,"-"
"ooopruyi",2,"hhiphqgy",60,0,70,19,1,8,1,1,7,1,2,1,1,6,2,6,400,2,1,1,"Inwiefern hängen Risikobereitschaft und die Bereitschaft zum eigenen Vorteil zu lügen von verschiedenen Faktoren ab?",2,""
"ooopruyi",1,"tozbybl6",20,0,80,22,1,8,1,1,10,1,5,3,3,4,5,5,100,5,1,1,"Wie bereit sind Menschen zum eigenen Vorteil zu lügen",2,""
"ooopruyi",4,"vilhb3jc",30,1,70,22,2,2,1,2,3,7,3,3,3,6,3,3,250,4,2,1,"in wie weit lassen sich personen zum betrügen überreden/ sind selbst dazu bereit",2,""
"ooopruyi",5,"xn95a270",60,1,80,23,1,8,1,1,10,1,4,1,9,10,5,2,1200,7,1,1,"Opportunistisches Verhalten - vielleicht im Bezug auf das aufschrieben der Stunden bei Menschen welche Home-office machen.",2,"Ich hoffe, dass sie mir die wahrheit sagen und das nicht lesen."
"ajcxvpki",1,"bhlpdi2n",30,1,80,26,1,6,5,2,3,6,1,1,1,6,4,2,1200,3,1,5,"",2,""
"ajcxvpki",1,"bt361d4o",30,0,90,20,2,8,1,2,9,2,1,1,1,1,8,5,600,2,1,3,"",2,""
"ajcxvpki",2,"e1y483pm",15,1,60,19,2,2,4,2,8,3,3,2,3,6,3,4,200,3,1,3,"Lügen zum eigenen Vorteil",2,""
"ajcxvpki",2,"yykzm36r",15,1,80,25,2,2,4,1,8,1,1,1,1,7,4,5,150,5,1,5,"",2,""
"ajcxvpki",3,"b4tkoftt",10,1,40,25,1,5,2,1,8,1,1,1,1,7,3,3,400,2,1,4,"Im Prinzip wohl wie immer : Irgendwas mit Kooperation auf Basis spieltheoretischer Überlegungen",2,""
"ajcxvpki",3,"ifig0vld",10,0,30,25,2,3,2,1,6,5,4,5,5,6,8,3,200,3,1,5,"",2,""
"ajcxvpki",4,"u6rcx9p8",30,1,80,21,1,2,1,1,8,3,5,3,3,2,8,4,300,6,1,2,"",2,""
"ajcxvpki",4,"t5q3kdvg",30,0,70,20,2,8,1,2,3,8,1,2,1,2,2,5,350,5,1,3,"",2,""
"ajcxvpki",5,"v0bh5t0j",10,0,40,26,2,8,2,2,2,10,5,1,1,6,3,3,NA,3,1,4,"",2,""
"ajcxvpki",5,"2y6l7cvt",10,0,30,22,2,5,1,2,8,1,3,2,1,2,1,1,600,5,1,5,"Unter welchem Risiko die Menschen bereit sind zu ihrem eigenen Vorteil zu lügen.",2,""
"ajcxvpki",6,"mjbrj6gi",60,0,90,25,2,6,4,2,3,1,1,6,8,2,5,2,400,4,1,4,"Risikobereitschaft zum eigenen Vorteil",2,""
"ajcxvpki",6,"0qqstc3k",60,0,70,25,2,4,2,2,6,3,1,1,1,6,6,2,500,4,1,5,"",2,""
"ajcxvpki",7,"wgmqn1k9",10,1,10,21,2,2,4,2,9,3,1,1,1,3,8,2,500,6,1,5,"",2,""
"ajcxvpki",7,"746n06ns",10,1,1,1,2,4,2,2,2,3,3,4,4,2,1,3,2,7,3,3,"d",2,"d"
"b69m6lyx",1,"uj7hdyyi",60,1,80,30,1,3,1,1,8,1,1,1,1,8,8,1,300,5,1,5,"Ob Teilnehmer bzw. ab wann Teilnehmer zum eigenen Vorteil lügen",2,""
"b69m6lyx",1,"0n5bauor",60,1,80,21,1,5,1,1,6,1,1,1,1,6,3,1,450,5,1,5,"Rationalität bei Entscheidungen",2,""
"b69m6lyx",2,"r8kak6j0",60,0,90,33,1,9,4,2,6,1,1,1,1,5,3,4,500,2,4,3,"Bereitschaft zum Betrug",2,""
"b69m6lyx",2,"lo8m0x70",60,0,100,31,1,9,5,2,2,8,1,1,1,5,2,2,600,2,1,4,"Die belanglose Forschungsfrage einer Bachelorarbeit.",2,"Aber ich habe darüber nachgedacht."
"b69m6lyx",3,"xojbeobp",60,0,80,23,2,5,1,1,8,1,1,6,1,7,4,4,500,3,1,2,"Welchen Einfluss haben kulturelle oder politische Einflüsse auf die Ehrlichkeit",2,""
"b69m6lyx",3,"n94ev05h",60,0,95,20,1,2,4,2,9,3,2,1,1,7,6,4,225,5,3,3,"Risikobereitschaft, Ehrlichkeit",2,""
"b69m6lyx",6,"jppcrymp",10,1,6,31,1,8,1,2,9,1,1,1,1,7,3,3,400,3,1,4,"",2,"nicht geändert, war mir aber bewusst"
"b69m6lyx",6,"ausyzt1x",10,0,10,25,1,3,1,1,8,2,1,1,1,5,4,2,900,6,1,4,"Inwiefern halte ich mich an Absprachen, wenn ich durch nichtbeachtung evtl. profitieren könnte",2,""
"b69m6lyx",7,"hl4m9t4d",20,1,50,25,2,2,4,2,4,1,1,1,1,1,5,2,388,5,1,5,"Verhaltn von Arbeitnehmern bei selbstständiger Angabe der Überstunden",2,""
"b69m6lyx",7,"pb3xsgaz",20,0,100,25,2,7,1,1,5,1,1,2,1,7,5,6,250,2,1,5,"",2,""
"b69m6lyx",8,"ci5xp4ks",30,0,70,27,2,2,4,2,6,1,1,2,3,7,6,4,300,5,1,4,"Ehrlichkeit gegenüber dem Arbeitgeber",2,""
"b69m6lyx",8,"m8ify0si",30,0,90,26,2,5,2,2,9,5,7,5,6,8,5,6,300,5,2,3,"Moralisches Verhalten von Mitarbeitern in einem Unternehmen",2,""
"b69m6lyx",9,"13r24m3g",55,1,80,22,2,8,1,2,7,2,2,1,1,7,9,2,900,2,1,4,"",2,""
"b69m6lyx",9,"h00ooie3",55,0,40,20,2,3,1,1,10,1,1,1,1,8,7,1,600,2,1,2,"Lügen zum eigenen Vorteil im Arbeitsalltag",2,""
"b69m6lyx",10,"2fsptkni",60,1,75,32,2,9,1,2,10,3,3,2,4,2,6,4,500,2,1,5,"Wie aufrichtig sind Arbeitnehmer, wenn die Wahrscheinlichkeit hoch ist, nicht erwischt zu werden?",2,""
"b69m6lyx",10,"tk9ersa4",60,0,90,25,2,8,1,1,10,1,3,3,5,8,5,1,200,5,1,5,"",2,""
"bl673crl",1,"l1xv1b4v",60,1,40,27,1,2,4,1,10,1,1,1,1,9,7,3,500,3,1,5,"Ehrlichkeit von Angestellten bei der Möglichkeit entdeckt zu werden",2,""
"bl673crl",1,"rs33stri",60,0,40,23,1,9,5,1,3,7,3,1,1,3,2,4,1500,5,1,4,"Fehlverhalten im Team wenn nicht es keine Überprüfung gibt",2,""
"bl673crl",2,"bajnqrps",60,0,100,33,1,9,5,2,1,1,1,1,1,5,6,1,1500,5,2,3,"",2,""
"bl673crl",2,"vs0simqf",60,0,85,20,1,8,1,2,10,1,1,1,1,10,10,2,900,1,1,2,"Wahrheitsgehalt von Aussagen, von denen beim Lügen profitiert werden kann; Spekulation",2,""
"bl673crl",3,"kqu8ocgd",60,1,80,19,1,6,1,1,4,1,1,1,1,8,7,6,150,5,1,3,"risikobereitschaft bei ungewisser strafe oder so",2,""
"bl673crl",3,"lt101d5t",60,1,85,24,2,8,1,2,8,1,7,2,1,7,6,5,200,3,1,3,"Wie zwischenmenschlicher Kontakt sich auf die Risikobereitschaft auswirkt.",2,""
"bl673crl",4,"3ucoa5vm",60,0,90,28,2,3,1,1,3,1,1,1,1,3,7,6,300,3,1,3,"",2,""
"bl673crl",4,"fvr21all",60,1,85,23,1,3,1,1,5,5,7,4,7,10,10,8,1000,6,1,3,"Wie risikofreudig personen sind und wie kommuniziert wird.",2,""
"bl673crl",5,"y8x9y9e7",60,0,90,27,1,6,1,2,6,1,1,1,1,9,3,2,500,2,1,4,"",2,""
"bl673crl",5,"hf6qlt86",60,0,75,29,1,3,1,1,10,1,1,1,1,0,1,1,700,5,2,5,"",2,""
"bl673crl",6,"hlcrps38",20,0,30,29,2,5,2,2,8,4,1,1,1,2,5,8,300,3,1,4,"Zusammenarbeit",2,""
"bl673crl",6,"9d4pj4wc",20,0,20,21,2,8,1,2,8,7,1,1,1,2,2,1,200,3,1,2,"",2,""
"bl673crl",7,"s3gx08bg",50,1,70,25,1,3,2,1,5,5,5,8,8,5,6,4,400,4,1,4,"Kooperation für Betrug für den eigenen Vorteil am Arbeitsplatz",2,""
"bl673crl",7,"0jpzxvod",50,1,75,20,1,3,1,1,8,2,5,3,3,8,6,2,450,5,1,3,"Egoistisches Verhalten, Betrug (Lügen) um sich selber wirtschaftlich besser zu stellen.",2,""
"bl673crl",8,"aodezswg",60,1,80,27,1,5,1,2,4,4,2,2,2,6,7,4,350,7,4,5,"Ist eine Gruppe bereit kollektiv falsche Angaben zu machen bzw. zu betrügen, wenn die Gruppe (aus ihren jeweiligen Mitgliedern) weiß, dass nicht jedes Gruppen-Mitglied überprüft wird.",2,""
"bl673crl",8,"r3q61j60",60,1,50,28,2,9,5,1,8,1,1,1,1,5,4,1,NA,3,1,3,"Eventuell der Zusammenhang zwischen politischer Orientierung - Religion, Verständnis der Fragestellung, und der Bereitschaft, zum eigenen Vorteil zu lügen (und ggf. andere davon zu überzeugen, mitzumachen). Das wäre allerdings ohne Berücksichtigung des Kontexts schwierig (niedriger Lohn bei Teilnahme am Experiment, es wird niemandem ein großer Schaden durch die Lüge bereitet).",2,""
"bl673crl",9,"6n0bdb22",60,0,75,23,2,6,2,2,2,4,1,1,1,3,5,4,200,3,1,2,"",2,""
"bl673crl",9,"p69s3kgv",60,1,75,36,2,9,5,1,7,1,3,2,2,6,7,4,70,4,2,5,"",2,""
"bl673crl",10,"twxn355f",50,0,80,24,2,6,4,2,5,1,6,1,1,2,2,6,400,2,1,4,"Vielleicht inwiefern eher risikobereite oder -scheue Personen von ihrem Mitspieler beeinflusst werden",2,""
"bl673crl",10,"f6074qt9",50,0,100,23,1,7,1,2,5,5,1,1,1,8,6,2,450,4,1,4,"",2,""
"bl673crl",11,"xkq0g4ul",10,0,20,21,1,8,1,2,1,8,1,1,1,9,8,8,10,1,5,2,"",2,""
"bl673crl",11,"f674p9xo",10,0,50,21,2,2,4,2,1,6,1,1,1,6,4,2,500,3,1,5,"ab welchem Risiko Menschen bereit sind zu lügen",2,""
"bl673crl",12,"scjc4ekc",10,0,0,23,1,6,2,2,1,1,1,1,1,2,1,4,400,5,1,5,"",2,""
"bl673crl",12,"idkl9bvr",10,1,70,27,1,8,1,2,1,10,1,1,1,10,6,1,600,5,2,3,"Risikobereitschaft, Betrug, Lüge",2,""
"bl673crl",13,"c6idoe15",10,1,15,24,2,5,1,1,10,1,2,1,1,3,2,1,200,4,2,5,"Ehrlichkeit bei selbst einzutragenden Arbeitszeiten",2,""
"bl673crl",13,"3c2cirti",10,1,35,19,2,2,4,2,3,1,7,1,1,7,8,2,350,3,1,3,"",2,""
"an25e9i7",1,"aulosgm2",30,1,90,23,1,6,2,2,8,4,2,1,1,2,5,1,150,4,1,5,"",2,""
"an25e9i7",1,"pyxx27fb",30,0,80,20,1,6,1,2,5,3,3,3,3,5,4,4,200,3,1,5,"",2,""
"an25e9i7",2,"ijvhzh9b",10,0,40,20,2,2,4,2,4,3,1,1,3,7,3,3,400,3,2,4,"Wie bereit und egoistisch Menschen sind, zu ihrem eigenen Vorteil zu lügen",2,""
"an25e9i7",2,"ja776pl9",10,0,50,27,2,9,5,2,5,1,7,3,7,5,5,4,600,5,1,2,"Angst vor Kontrolle und deren Auswirkungen",1,"man war ehrlicher"
"an25e9i7",3,"yan7ivrf",55,0,90,23,2,2,4,2,6,2,2,2,2,6,6,1,450,2,1,4,"",2,""
"an25e9i7",3,"tzsix8t0",55,0,90,19,1,3,1,1,2,1,1,4,4,8,8,4,400,6,1,3,"wie wirkt die religiöse Sicht des Menschen auf seine Entscheidungen",2,""
"an25e9i7",4,"sndbxsdf",60,0,50,22,2,8,1,2,3,3,1,1,1,7,6,9,500,4,1,3,"",2,""
"an25e9i7",4,"ytyxajel",60,1,60,27,2,5,2,2,7,4,4,2,2,2,5,4,400,3,1,5,"",2,""
"an25e9i7",5,"keipg165",60,0,70,24,2,2,4,2,10,1,4,1,2,8,3,5,400,2,1,2,"",2,""
"an25e9i7",5,"8h8ik1qg",60,0,50,32,2,9,5,2,10,1,1,1,3,6,7,6,1000,5,1,1,"Bereitschaft zum gemeinschaftlichen Betrug",2,""
"an25e9i7",6,"2h4316rj",10,0,45,33,2,9,4,2,9,1,1,1,1,7,3,2,1300,5,1,3,"Im Hinblick auf die aktuelle Situation, gehe ich davon aus, dass untersucht wird, ob wir unseren Arbeitgeber bezüglich unserer tatsächlich geleisteten Überstunden belügen würden, wenn dieser die Stunden nicht nachvollziehen kann, da wir z.B. im Homeoffice arbeiten.",2,""
"an25e9i7",6,"9rh05j6g",10,0,10,26,2,9,2,2,2,8,5,1,2,1,2,3,900,6,2,4,"Kooperationsbereitschaft und Ehrlichkeit in Zusammenhang mit Gewinnen",2,""
"an25e9i7",7,"vr8ey810",60,0,70,18,2,2,4,2,9,2,5,1,1,7,4,6,500,3,1,3,"Lügen Menschen für ihren wirtschaftlichen Vorteil?",2,""
"an25e9i7",7,"w282vjlp",60,0,50,37,1,9,5,1,7,2,3,4,4,4,5,8,1900,3,1,5,"Risikobereitschaft bei hidden action und Absprachen",2,""
"an25e9i7",8,"i7h0qr61",60,1,90,28,1,5,5,2,10,1,4,2,2,7,7,6,600,4,1,3,"",2,""
"an25e9i7",8,"rz146n9s",60,1,90,21,1,3,1,1,8,1,1,3,3,7,4,3,500,3,1,2,"Wie ehrlich sind Leute? Wie hoch ist die loss aversion bei Leuten? ggf. kann man das auch mit zwischenmenschlichen Effekten kombinieren- stachelt ein unehrlicher Teilnehmer den anderen eher an oder funktioniert das andersrum? Wenn es verschiedene Vorschläge gibt, welcher wird genommen? (wenn ihr noch nicht auf die Idee gekommen seid und das jetzt aufnehmt möchte ich bitte als Danksagung im Papier stehen ;)",1,"Etwas, habe mir meine Formulierungen mehr überlegt"
"an25e9i7",9,"44esjavk",10,1,50,28,2,8,1,2,6,2,2,2,2,3,4,5,200,4,1,3,"Moral in Gruppensituationen",2,""
"an25e9i7",9,"ti0cak6e",10,0,50,32,1,3,2,1,3,3,1,1,1,0,7,1,2000,5,1,4,"",2,""
"an25e9i7",10,"8airu129",60,0,40,28,1,3,2,1,3,1,1,1,1,3,3,1,300,2,1,5,"",2,""
"an25e9i7",10,"f1ojk7p0",60,1,100,32,1,5,1,1,1,1,1,1,1,3,2,2,250,1,1,2,"",2,""
"an25e9i7",11,"0vva8lxk",60,1,90,34,1,6,1,2,9,3,1,3,3,9,6,3,600,5,1,5,"",2,""
"an25e9i7",11,"klhow7wd",60,0,60,21,2,5,1,2,6,3,4,1,1,5,7,2,350,3,1,4,"Ob Menschen in finanziellen Situation kooperieren und ob sie risikobereit sind",2,""
"an25e9i7",12,"bbbhapu9",60,0,99,22,1,6,1,2,8,4,2,3,2,8,6,4,300,3,1,4,"Auswirkungen von Anonymität auf Ehrlichkeit",2,""
"an25e9i7",12,"w6oyv2a7",60,1,50,25,2,7,2,2,8,1,7,3,2,7,5,5,400,5,1,3,"Verhalten bei Arbeitszeitangabe ohne Kontrolle",2,""
"an25e9i7",13,"tjlln3ie",10,0,10,35,1,7,3,1,5,1,1,1,1,2,3,3,3000,5,1,3,"",1,"nicht genutzt"
"an25e9i7",13,"mb2znzz7",10,0,20,28,2,8,1,1,1,1,5,1,1,7,6,9,800,3,1,5,"",2,""
"an25e9i7",14,"ftd5xpc2",20,0,60,25,2,5,2,2,8,1,1,1,1,5,5,3,800,2,1,4,"Welchen Einfluss haben die Variablen Geschlecht, politische Gesinnung und Religion auf die Risikobereitschaft eines Menschen.",2,""
"an25e9i7",14,"ge072o09",20,0,40,26,2,7,2,1,7,6,5,2,4,5,5,6,350,3,1,5,"",1,"Auf Rechtschreibung geachtet"
"an25e9i7",15,"uqdre70y",50,0,100,21,2,6,1,2,5,7,6,6,6,3,4,5,300,3,1,3,"",2,""
"an25e9i7",15,"d7kzgk57",50,1,90,26,2,9,5,2,6,4,3,1,1,1,6,3,200,3,1,5,"",2,""
"an25e9i7",16,"bzzbu3tn",30,0,90,23,1,8,1,1,9,1,1,1,1,6,1,7,50,5,1,5,"",2,""
"an25e9i7",16,"bz4c5nrh",30,0,90,26,2,8,2,1,6,1,1,1,1,2,2,6,500,6,3,4,"",2,""
"an25e9i7",17,"8y2729xk",60,0,60,26,1,3,2,1,8,1,1,1,1,8,10,6,400,4,5,4,"",2,""
"an25e9i7",17,"byf3zsca",20,0,100,23,2,2,4,1,6,6,6,6,6,10,6,6,300,7,1,4,"Ehrlichkeit",2,""
"an25e9i7",18,"e25wfxmd",10,0,20,27,2,5,5,2,7,1,1,1,2,3,3,3,200,2,1,4,"",2,""
"an25e9i7",18,"2fvsvfr4",10,0,60,31,2,8,1,1,6,8,2,3,3,2,6,4,200,6,1,5,"",2,""
"an25e9i7",19,"3bshygth",10,0,20,20,2,6,4,2,7,2,4,1,1,2,3,4,350,4,1,3,"Inwieweit Menschen bereit sind, zu ihrem eigenen Vorteil zu lügen und dabei Risiken einzugehen",2,""
"an25e9i7",19,"6b1c45zp",10,0,40,22,2,8,1,2,5,1,1,1,1,2,3,6,200,5,1,2,"Ehrlichkeit",2,""
"an25e9i7",20,"z0v3atma",60,0,90,24,1,5,1,2,6,1,1,1,2,6,6,3,250,1,1,3,"",2,""
"an25e9i7",20,"2nyqtb3t",60,0,90,25,2,2,4,2,4,7,1,1,6,4,6,2,170,3,1,5,"Ob Menschen zu ihrem eigenen Vorteil lügen, wenn sie wissen, dass ihre Lüge entdeckt und bestraft werden könnte und ob es einen Einfluss hat, wenn man die Lüge vor einem anderen Menschen zugeben muss.",2,""
"an25e9i7",21,"shjkiz4j",60,0,50,29,1,6,2,1,9,1,1,1,1,9,6,1,900,2,1,5,"Ich vermute, dass die Risikobereitschaft und die Bereitschaft zu lügen untersucht werden soll. Dabei werden vermutlich unterschiedliche Szenarien (10/20/30/40 Überstunden) usw. untersucht. Für mich war es hier eine reine Wahrscheinlichkeitsrechnung, die ich im Falle von ""ernsten"" Konsequenzen so nicht gezogen hätte. Aber 6€ vs. 1€ zusätzlich bekommen bei einem 25% ""Risiko"" ist in dem Falle zu verlockend.",2,"Durch die Anonymisierung muss ich mich ja nichtmals rechtfertigen bzw. werde in keine schambehaftete Situation versetzt."
"an25e9i7",21,"adb8zmsr",60,0,75,38,1,9,5,2,4,4,5,5,6,5,5,4,500,4,1,3,"",2,""
"zxktguam",1,"eaen0n98",30,0,100,32,1,5,1,2,6,2,2,1,1,5,5,1,700,3,1,4,"",2,""
"zxktguam",1,"l1xl45nh",30,0,80,20,2,2,1,2,5,1,1,1,1,3,6,2,250,3,1,3,"",2,""
"zxktguam",2,"1s9m0mp0",10,0,40,25,2,5,2,2,7,1,1,8,3,7,8,8,300,3,1,3,"",2,""
"zxktguam",2,"lkr7e2lx",10,0,50,29,3,6,2,2,2,2,1,6,6,3,2,7,200,1,1,5,"Zweiergruppendynamik auf oekonomischen  entscheidugen",2,""
"zxktguam",3,"4x69ylbi",10,0,20,26,2,2,5,2,5,1,1,1,1,2,8,3,700,5,1,5,"",2,""
"zxktguam",3,"tbg1myry",10,1,5,25,2,7,2,1,5,1,1,1,1,3,2,3,300,2,2,3,"Wie risikobereit ist eine Person, wenn ihre Grund-Ausstattung höher oder niedriger ist?",1,"Weniger umgangssprachlich geschrieben"
"zxktguam",5,"6n0wb2yv",20,1,80,25,1,5,1,1,6,2,2,2,2,6,6,5,500,5,2,3,"Risikobereitschaft",2,""
"zxktguam",5,"q0kckvj2",20,0,80,24,2,5,1,2,2,6,7,8,3,6,6,3,200,2,1,3,"",1,"Schneller nachgegeben"
"zxktguam",6,"c3j1v536",60,0,100,28,1,2,4,1,3,3,3,3,3,7,7,7,400,5,1,3,"Ob man zum eigenen Vorteil lügt, wenn man die Möglichkeit hat, um dann zu profitieren.",2,""
"zxktguam",6,"d1xaitkd",60,0,80,20,2,5,1,2,6,2,6,4,4,3,4,4,175,4,1,2,"Keine Ahnung",2,""
"zxktguam",7,"tv4lbwgo",10,0,50,24,1,2,4,2,6,6,6,6,6,1,2,2,100,5,4,3,"",2,""
"zxktguam",7,"hhknwzcz",10,0,70,26,2,5,2,2,5,5,1,1,1,6,3,6,500,4,1,3,"",2,""
"zxktguam",8,"uzqouyz1",60,1,90,21,1,8,1,1,6,3,2,2,1,7,2,2,300,4,2,4,"",2,""
"zxktguam",8,"tljr5ryy",60,1,100,25,1,5,1,2,3,2,4,2,2,2,9,6,150,5,1,2,"",2,""
"zxktguam",9,"41idvhkd",10,0,40,18,3,9,5,2,1,1,1,1,1,0,5,7,50,5,1,1,"Ehrlichkeit",2,""
"zxktguam",9,"l56kkjs1",10,0,60,28,1,9,5,1,1,8,1,1,1,5,6,1,2100,2,1,4,"",1,"Ich habe mein weiters Handeln kommentiert."
"zxktguam",10,"3m5xqb2y",60,0,90,29,2,8,5,1,10,10,1,1,1,7,5,4,1000,5,1,4,"",2,""
"zxktguam",10,"03qugj9k",60,0,70,20,2,6,4,2,6,1,1,1,1,10,4,7,300,6,1,4,"",2,""
"zxktguam",11,"v64rnjks",10,1,10,23,2,8,1,2,8,1,1,1,1,2,3,1,155,5,2,3,"Wie bereit ist man, für eigenen wirtschaftlichen Vorteil zu lügen?",2,""
"zxktguam",11,"4y1csbhe",10,1,10,22,1,4,4,2,3,1,6,1,1,3,2,6,450,3,1,2,"Bereitschaft für eigenen Nutzen zu lügen wenn andere Person involviert ist noch",2,""
"zxktguam",12,"fmp6bz2z",20,0,60,26,2,7,2,2,6,1,1,1,1,7,8,3,300,5,1,5,"",2,""
"zxktguam",12,"5bwjw9k1",20,1,90,23,2,2,4,2,8,1,2,1,1,2,4,3,300,4,1,3,"",2,""
"zxktguam",13,"jmxnuzbt",40,0,80,20,2,6,4,2,8,1,6,1,1,7,5,2,250,4,4,3,"Gruppenopportunismus",2,""
"zxktguam",13,"1bjtnqp1",40,0,75,25,2,5,2,2,8,3,1,1,1,6,4,2,200,3,1,4,"Kooperation im Team; Schuldbewusstsein beim Lügen zum eigenen Vorteil",1,"Teammitglied gebremst bei der hohen Angabe der Überstunden"
"zxktguam",14,"q2drgewh",40,1,100,24,2,5,2,2,8,1,1,1,1,8,8,1,400,4,1,5,"",2,""
"zxktguam",14,"rlzm5rgn",40,0,80,37,2,3,1,1,8,4,3,2,2,4,7,6,500,7,1,2,"Überprüfung Vertrauensarbeitszeit",2,""
"zxktguam",15,"nrg6vfgk",10,0,2,29,2,5,2,2,6,10,1,1,1,4,3,2,15,2,1,3,"",2,""
"zxktguam",15,"nr576y05",10,0,30,32,2,5,5,2,5,1,1,1,1,5,1,4,500,3,5,4,"Wie viele Menschen sind bereit für ihren Vorteil zu lügen",2,""
"zxktguam",16,"lwdkw9nf",60,1,95,25,1,4,4,2,8,3,2,2,2,6,7,3,400,5,2,5,"Ehrlichkeit bei Selbstkontrolle in nicht-hierarchisch gegliederten Gruppen",2,""
"zxktguam",16,"huhy1j74",60,0,75,25,1,5,2,2,8,2,2,1,1,8,6,3,100,5,1,5,"Bereitschaft, zum gemeinsamen Vorteil zu lügen",2,""
"zxktguam",17,"l9xff5d7",10,0,3,29,2,5,1,2,3,1,4,1,1,5,5,2,300,4,4,3,"Ob man sich mehr Überstunden auszahlen lässt wenn der andere keine ausgezahlt bekommt",1,"Nicht so viel geschrieben"
"zxktguam",17,"i6im0wtk",10,0,0,25,2,9,1,2,4,1,1,1,1,7,1,11,1000,4,2,3,"",2,""
"zxktguam",18,"yldg7v8f",50,0,80,25,1,6,1,2,4,4,1,1,1,7,3,1,400,2,1,4,"Auswirkungen von Teamarbeit auf Stundenangaben, nur genereller",2,""
"zxktguam",18,"hipbt8w3",50,0,100,25,1,6,1,2,5,6,6,6,6,9,8,2,150,4,1,3,"",2,""
"zxktguam",19,"2chqneof",10,0,45,19,2,2,4,2,8,1,8,1,1,3,7,3,90,5,1,3,"Bereitschaft zum Betrug zum eigenen Vorteil/ Egoismus am Markt",2,""
"zxktguam",19,"nqtfr1we",10,1,60,21,2,5,1,2,8,3,7,6,6,4,5,4,300,3,1,3,"",2,""
"zxktguam",20,"4jntadil",10,0,20,28,1,5,2,2,5,6,1,1,1,1,2,5,350,3,1,5,"",2,""
"zxktguam",20,"mhyn68y3",10,0,40,25,2,5,2,2,5,1,1,1,1,3,2,1,250,2,1,3,"",2,""
"avxwajsi",1,"2gk5rw8u",60,1,70,34,1,9,2,1,9,2,1,1,1,3,2,4,1000,3,1,5,"die Korrelation zwischen Entdeckungswahrscheinlichkeit und die Ehrlichkeit bzw. Sabotage",2,""
"avxwajsi",1,"lht72c9u",60,0,85,32,2,5,2,2,5,1,1,1,6,3,6,6,300,5,2,3,"Lügen wegen Vorteil",2,""
"avxwajsi",2,"vkg3tdbm",10,0,25,26,1,1,5,1,4,1,1,1,1,4,3,2,300,4,3,5,"Verhaltensökonomie, Spieltheorie",2,""
"avxwajsi",2,"d6xejdej",10,0,70,28,1,5,2,2,7,4,4,6,4,8,6,3,500,6,2,3,"gemeinsames / kollegiales Lügen",2,""
"avxwajsi",3,"59nw7hik",60,1,60,22,1,5,1,2,10,1,3,1,3,2,2,1,80,3,1,4,"Ehrlichkeit in der Abrechnung von Gehältern",2,""
"avxwajsi",3,"yty1ryg1",60,1,80,21,2,6,2,2,8,1,1,1,1,7,5,8,300,3,1,3,"A) Wie viel Leute bereit sind zu lügen, wenn sie dadurch einen Vorteil erhalte und B) ob es etwas an dem Ergebnis ändert, wenn man zu zweit in Teams 'arbeitet'",2,""
"avxwajsi",4,"53ori9is",20,1,33,23,1,6,2,2,6,3,7,1,8,3,1,7,450,3,1,3,"",2,""
"avxwajsi",4,"w85v58dy",20,1,90,25,1,9,2,1,7,3,3,3,3,3,6,3,600,3,1,4,"Lügen um einen eigenen Vorteil zu erhalten",2,""
"avxwajsi",5,"fzp9x5g2",30,0,65,24,2,6,1,2,3,6,8,2,1,2,5,3,200,3,1,5,"",2,""
"avxwajsi",5,"c0sxeyff",30,0,50,23,2,6,4,2,8,4,2,2,2,6,4,4,500,5,1,4,"Wie risikobereit und wie Kompromissbereit Menschen sind",2,""
"avxwajsi",6,"t2wbgpva",30,0,70,26,1,9,2,1,8,2,2,2,2,7,8,10,1000,5,2,5,"",2,""
"avxwajsi",6,"hb4bzyo6",30,0,35,24,1,8,1,1,7,1,1,1,4,5,2,3,NA,4,1,5,"Ob und in welchem Umfang Menschen zu Lügen bereit sind und mit welchem Risiko.",2,""
"avxwajsi",7,"ct2xoa4r",10,1,0,23,1,6,2,1,10,6,1,1,1,7,7,1,150,3,1,3,"Risikobereitschaft in Gruppen",2,""
"avxwajsi",7,"elw4am8i",10,0,60,25,2,6,4,2,8,4,1,1,1,0,1,8,100,5,3,3,"Bereitschaft zu Lügen für den eigenen Vorteil ggf. auch in Bezug auf Arbeitszeit-Betrug",2,""
"avxwajsi",8,"s41tk1r7",18,0,73,27,2,6,1,2,4,1,2,8,6,1,3,4,NA,2,1,2,"",2,""
"avxwajsi",8,"ej30kjnq",18,0,60,22,1,3,1,1,8,1,3,2,2,8,6,6,600,5,1,3,"Absprachen zur eigenen Besserstellung",2,""
"avxwajsi",9,"nw4rx5jn",10,0,40,25,2,4,4,2,3,5,3,3,3,2,5,4,250,6,1,4,"",1,"garnicht gechattet"
"avxwajsi",9,"rhvf3sx0",10,0,70,20,2,2,4,2,1,8,1,1,1,3,2,6,450,3,1,5,"",2,""
"avxwajsi",10,"smyx0sm4",10,1,35,21,2,6,2,2,4,3,1,1,1,3,3,2,300,5,1,5,"",2,""
"avxwajsi",10,"cbcznc5i",10,0,10,21,2,4,4,2,3,1,1,1,1,3,5,1,600,3,1,3,"Bereitschaft zum Lügen gegenüber dem Chef und zwischen Mitarbeitern",2,""
"avxwajsi",11,"ipf19mcn",10,0,90,22,2,8,1,2,5,7,1,1,1,8,5,1,215,5,2,5,"",1,"knappe Sätze, keine Großbuchstaben"
"avxwajsi",11,"35xdskpo",10,0,35,27,2,5,2,2,2,3,1,1,1,5,4,4,200,3,3,5,"Wie risikobereit sind Menschen im Team?",2,""
"avxwajsi",13,"j2vw0vqd",30,0,50,26,2,6,2,2,1,1,1,1,1,5,4,1,600,5,1,5,"",2,""
"avxwajsi",13,"pz174ni0",30,1,80,21,2,2,1,1,4,1,1,1,7,4,6,2,500,5,1,5,"",2,""
"avxwajsi",14,"vxij2b6m",10,1,40,31,1,4,4,2,8,1,1,1,1,9,5,4,200,6,2,5,"",2,""
"avxwajsi",14,"rtjey2gj",10,0,20,26,2,2,4,1,5,5,1,2,2,2,2,1,300,6,1,3,"Wie wirkt sich die direkte Kommunikation auf die Risikobereitschaft aus?",2,""
"avxwajsi",15,"1y5n6hu4",40,0,70,21,2,8,2,2,1,7,1,1,1,2,5,2,80,5,2,3,"",2,""
"avxwajsi",15,"rv0x45cj",40,0,80,23,2,6,1,2,5,6,1,1,1,7,6,4,300,2,1,4,"Wie sich der Einfluss des Partners auf die Angabe der Überstunden auswirkt.",2,""
"avxwajsi",16,"9ovuvywv",60,0,90,23,2,7,2,1,8,1,1,1,1,4,6,3,550,4,2,3,"Wie ehrlich man antwortet, wenn die Wahrscheinlich keit, dass die Lüge entdeckt wird eher gering ist und man durch die Unehrlichkeit einen eigenen Vorteil gewinnt",2,""
"avxwajsi",16,"0d0c9285",60,0,80,20,2,2,4,2,7,6,8,8,3,5,7,4,400,3,1,3,"",2,""
"avxwajsi",17,"sfvs5fv7",30,0,90,31,1,9,4,1,5,2,1,2,1,7,2,3,1500,6,2,5,"Inwiefern gehen Probanden das Risiko ein, bestraft zu werden, um einen höheren Gewinn zu erzielen?",2,"--"
"avxwajsi",17,"fh6ecwuo",30,0,70,22,1,6,1,2,9,2,2,2,2,9,6,4,300,5,1,3,"Zusammenhalt der Mitarbeiter (Team) gegenüber dem Unternehmen.",2,""
"avxwajsi",18,"wr95ks8g",40,0,100,23,1,5,1,2,7,1,1,1,1,4,6,1,100,2,1,5,"",2,""
"avxwajsi",18,"32wqfqla",40,0,70,28,1,2,4,2,8,1,1,1,1,3,2,3,500,5,1,3,"Tendieren Menschen dazu, zu ihrem Vorteil zu lügen? Und in welchem Rahmen fühlen sie sich dabei noch sicher (gehen sie an die Maximalgrenze)?",2,""
"avxwajsi",19,"x4tigpj6",60,0,100,31,2,8,2,2,5,1,5,1,1,8,7,8,500,1,1,4,"",1,""
"avxwajsi",19,"22khtx52",60,1,75,23,1,2,4,2,10,1,1,4,1,6,3,4,60,5,1,2,"",2,""
"etixhxvh",1,"1f3bxplc",10,0,5,29,2,4,2,1,7,2,1,1,1,6,2,2,2000,4,1,4,"Wie ehrlich sind die Menschen, wenn sich ihnen Möglichkeiten des Lügens bieten",2,""
"etixhxvh",1,"bd6q3buh",10,0,25,21,2,9,5,1,4,1,2,1,1,0,2,2,300,4,1,2,"",2,""
"etixhxvh",2,"jqmkzq88",60,0,70,30,1,3,1,1,10,1,1,1,1,10,10,1,2000,9,4,5,"Ehrlichkeite mit Geheimsnisträgern und Profitmaximierung unter moralischen Gesichtspunktne",2,""
"etixhxvh",2,"8exed40z",60,1,90,20,1,3,1,1,5,1,1,1,1,4,7,3,500,4,1,4,"Wie Risiko bereit sind die Menschen",2,""
"etixhxvh",3,"xxsd55er",10,0,70,25,1,3,2,1,1,10,1,1,1,6,4,1,500,5,1,4,"",2,""
"etixhxvh",3,"agsd46d7",10,0,50,33,1,9,2,1,5,5,5,5,5,6,5,7,2000,7,1,5,"",2,""
"etixhxvh",4,"ofdl5t4r",15,0,90,20,2,2,4,2,3,1,2,1,3,4,4,6,120,2,1,3,"",2,""
"etixhxvh",4,"hr30byp5",15,0,70,24,2,9,5,2,7,1,1,1,1,2,8,2,300,5,1,2,"soziales Verhalten",2,""
"etixhxvh",5,"asdpjybd",10,0,20,23,2,5,2,2,7,1,1,1,1,7,3,2,400,5,4,4,"",2,""
"etixhxvh",5,"e063v9fh",10,0,56,22,1,3,1,1,5,5,5,7,6,8,6,9,3000,7,1,3,"Absprache und Kommunikation",2,""
"etixhxvh",6,"3qlkpfv8",20,0,33,20,1,7,1,1,8,2,2,4,3,8,8,2,400,3,1,5,"Wie hoch ist die Dunkelziffer an Überstunden in Unternehmen, wenn man nur stichprobenartig überprüfen kann",2,"Gar nicht"
"etixhxvh",6,"88l5c3dy",20,0,75,28,2,8,5,2,7,1,1,7,1,9,4,4,500,3,1,3,"",2,""
"etixhxvh",7,"cr57i9i7",10,0,40,22,2,6,1,2,8,3,2,1,1,2,4,1,150,5,1,2,"Wie risikobereit sind Menschen im allgemeinen und wie wirkt sich dies in der Zusammenarbeit mit einer anderen Person aus.",2,""
"etixhxvh",7,"gspuwtoo",10,0,60,28,1,2,5,2,1,1,1,1,1,3,6,5,800,6,2,5,"",2,""
"etixhxvh",9,"a50l88s1",60,0,90,26,2,4,4,2,2,8,1,1,1,8,3,1,50,4,1,4,"",2,""
"etixhxvh",9,"hj2tuezt",60,0,90,28,2,2,4,2,8,1,1,1,1,8,6,5,500,5,2,3,"Die Zusammenarbeit/ das Vertrauen zwischen Unbekannten zwecks Erreichung eines gemeinsamen Ziels",2,""
"etixhxvh",10,"l5nn3bny",60,1,80,26,2,2,4,1,5,3,3,3,3,7,6,5,500,6,2,5,"Risikobereitschaft bei ungewisser Überprüfungsgefahr",2,""
"etixhxvh",10,"xm26jghr",60,0,70,28,1,3,1,1,6,1,1,1,1,5,4,2,350,5,1,4,"Absprache unter Mitarbeitern zur Nutzenmaximierung als Arbeitnehmer",2,""
"etixhxvh",11,"8fd5st4e",20,0,50,25,2,2,4,2,5,5,5,5,5,3,5,2,50,4,5,2,"Wie weit man gehen würde, um mehr Vorteil auszuschlagen.",2,""
"etixhxvh",11,"yp9okx4a",20,0,80,22,2,5,1,2,1,7,1,1,1,2,7,2,200,2,1,3,"",2,""
"etixhxvh",12,"28gpo7oe",20,0,70,28,2,2,3,1,7,2,1,1,1,8,8,3,800,4,1,3,"",2,""
"etixhxvh",12,"lgs1ezp3",20,0,90,25,2,5,5,2,1,1,3,1,1,3,5,8,500,2,1,3,"",2,""
"etixhxvh",13,"9q77gb1q",60,0,90,24,2,5,2,2,8,1,1,1,1,2,2,1,180,2,1,4,"",2,""
"etixhxvh",13,"0ex6zv1a",60,0,80,21,2,6,4,2,6,1,1,1,1,2,2,1,300,4,3,4,"",2,""
"etixhxvh",14,"hogsozi3",30,1,80,20,1,5,1,1,8,2,2,1,2,7,7,3,500,3,1,3,"Ehrlichkeit bei Angabe der Arbeitszeit auf Kosten des Unternehmens",2,""
"etixhxvh",14,"8v0cot8v",30,1,90,19,2,2,4,2,7,1,2,1,1,5,8,5,400,7,2,3,"",2,""
"etixhxvh",15,"dsnmb1xb",40,0,75,24,1,5,2,2,6,3,2,2,1,6,4,4,350,3,1,5,"Lügen zum eigenen Vorteil, Kooperation",2,""
"etixhxvh",15,"cno3jxh7",40,1,70,27,1,3,1,1,8,2,1,2,2,6,7,6,150,5,1,4,"Risikiobereitschaft unter Koordination mit einem uns unbekannten Menschen",2,""
"etixhxvh",16,"xiucstdi",60,0,90,31,1,6,1,2,4,3,2,3,3,4,4,5,900,3,1,4,"",2,""
"etixhxvh",16,"ylh8x7ga",60,1,70,22,1,2,4,1,10,1,3,1,1,9,7,2,500,6,1,3,"Zusammenhang zwischen Risikobereitschaft und Person",2,""
"etixhxvh",17,"dlzfpnbs",10,0,70,20,2,2,4,2,2,6,1,2,2,7,5,4,300,4,1,4,"Lügen zum eigenen Vorteil",2,""
"etixhxvh",17,"i14x4vet",10,0,40,21,2,5,1,2,7,5,3,5,8,10,3,2,25,3,5,2,"Die Risikobereitschaft beim Betrügen",2,""
"etixhxvh",18,"1diowvan",10,0,30,20,2,5,1,2,2,8,7,2,1,3,6,7,450,2,1,4,"",2,""
"etixhxvh",18,"8ilaqh4b",10,0,20,24,2,5,1,2,6,2,2,2,2,3,7,4,200,5,1,2,"Wie Risikobereit ist man wenn man dabei Profit ausschlagen kann",2,""
"etixhxvh",19,"i1yy51w0",60,0,90,25,1,9,2,1,4,7,3,6,2,6,5,3,1400,4,1,5,"",2,""
"etixhxvh",19,"edr5j9v2",60,0,70,19,2,2,4,2,3,1,2,4,2,9,4,9,100,4,1,3,"Wie bindend die Entscheidung innerhalb eines Zweierteams ist und welchen Bezug die getroffene Entscheidung zu persönlichen Merkmalen haben könnte",2,""
"etixhxvh",20,"4wtov6cx",30,0,80,22,2,2,4,2,3,4,1,2,2,3,6,4,450,6,1,3,"",2,""
"etixhxvh",20,"gwwv4y7p",30,0,70,30,2,4,4,2,6,4,4,8,8,6,5,7,400,3,2,5,"Ehrlichkeit, Risikobereitschaft und das ganze in Gruppen (Gruppenzwang?)",2,""
"etixhxvh",21,"nfo2sw1s",30,0,75,24,2,7,1,1,10,1,1,4,4,6,3,1,300,3,1,3,"",2,""
"etixhxvh",21,"d2zsqd7x",30,0,80,22,2,8,1,2,7,3,1,1,2,7,5,6,250,4,1,2,"",2,""
"cg6kl97o",1,"5jd7jq4l",60,1,70,22,2,6,1,2,6,1,3,2,1,6,4,4,50,3,1,3,"Risikobereitschaft und Eigenvorteil",2,""
"cg6kl97o",1,"u1iawdg8",60,0,75,38,1,2,3,2,8,1,1,1,1,5,4,1,400,4,1,5,"",2,""
"cg6kl97o",2,"fk9wb311",15,1,85,21,1,6,1,2,6,2,4,3,6,3,8,1,120,4,2,3,"",2,""
"cg6kl97o",2,"37hw1ygg",15,0,80,28,2,2,4,2,1,10,7,9,6,4,3,7,800,7,1,2,"Vertrauen in fremde Menschen",1,"keine Diskussion"
"cg6kl97o",3,"wa9iofc0",60,0,50,26,1,2,4,2,6,1,1,1,1,7,4,4,100,5,1,2,"",2,""
"cg6kl97o",3,"x8a4ore7",60,1,80,25,2,2,4,2,9,1,1,3,3,5,4,1,250,6,1,4,"/",2,"/"
"cg6kl97o",4,"06cb62u4",60,0,80,22,2,3,1,1,7,1,1,1,1,7,5,6,200,6,2,3,"Keine Ahnung.",2,"Gar nicht. Mein Chat-Partner war sympathisch."
"cg6kl97o",4,"9oszy5gm",60,0,60,33,2,5,5,2,1,1,6,8,7,6,5,2,300,1,1,3,"Ob man im Team unehrlicher ist als alleine. Wer hier den Ansporn gibt, zu lügen.",2,""
"cg6kl97o",5,"xj50f5rj",10,0,25,33,2,7,2,2,2,1,1,1,1,2,2,1,1000,4,1,3,"",2,""
"cg6kl97o",5,"bytxtcuf",10,0,25,24,2,2,4,2,3,5,4,1,1,7,4,3,200,5,5,5,"Arbeitszeiterfassung",2,""
"cg6kl97o",6,"b6wrl5dl",30,0,80,34,2,1,5,2,6,3,3,3,4,10,8,1,400,2,1,5,"ob der Mensch mehr lügt, wenn er befürchtet, überprüft zu werden",2,""
"cg6kl97o",6,"0hernp3r",30,0,70,27,2,7,2,1,9,3,1,2,2,2,4,7,500,2,1,4,"Vergrößert sich Risikobereitschaft und verkleinert sich die Scham zu lügen im Team",2,""
"cg6kl97o",7,"qfqst3wg",10,0,50,23,2,6,2,2,1,7,5,1,1,5,7,1,0,5,1,2,"risikobereitschaft",2,"mein gegenüber aber wahrscheinlich"
"cg6kl97o",7,"yj8vw89a",10,0,10,23,2,5,1,2,7,2,1,1,1,5,3,3,180,3,1,5,"Ehrlichkeit im Arbeitskontext (Geldfrage)",2,""
"cg6kl97o",8,"2i6vldme",60,1,70,25,2,7,2,2,8,1,4,1,1,5,3,4,200,5,1,5,"",2,""
"cg6kl97o",8,"cw1kndkp",60,0,80,24,2,6,1,2,5,1,1,1,1,1,7,1,400,3,1,3,"Wie ehrlich Personen sind wenn sie davon ausgehen höchstwahrscheinlich mit ihrem Betrug davon zu kommen.",2,""
"cg6kl97o",9,"q0h8sg4c",10,0,20,22,2,8,1,2,5,7,5,3,3,4,2,2,50,4,1,2,"Wie risikobereit sind Menschen, für ihren persönlichen Vorteil zu lügen?",2,""
"cg6kl97o",9,"n9ecm11x",10,0,30,25,2,7,2,1,8,1,4,1,1,4,3,3,130,4,1,4,"Wie risikofreudig Menschen sind bzw. inwiefern Menschen bereit sind zu lügen, um mehr Geld oÄ zu bekommen",2,""
"cg6kl97o",10,"26rjj01i",60,0,80,21,1,3,1,1,8,3,1,1,1,8,7,7,150,6,1,4,"ob sich moral hazard bei risiko lohnt",2,""
"cg6kl97o",10,"02cppavy",60,1,85,20,2,7,1,2,9,1,1,1,1,7,4,7,150,5,1,3,"Lügt man, um einen eigenen Vorteil zu erhalten?",2,""
"cg6kl97o",11,"cxs180bt",60,0,80,20,1,6,1,2,8,1,3,3,1,8,3,3,220,3,1,2,"Ab welchem Mehrwert, sind Menschen Risikobereiter ?",2,""
"cg6kl97o",11,"fl7agvhl",60,0,70,25,2,5,1,2,8,1,1,1,1,6,5,1,150,1,1,4,"",2,""
"cg6kl97o",12,"9qg7zvtq",10,0,40,22,2,2,4,2,3,3,2,1,1,4,1,8,200,3,1,4,"",2,""
"cg6kl97o",12,"ocd72t7a",10,0,20,33,1,5,5,2,6,1,1,1,1,6,4,1,300,7,2,5,"",2,""
"cg6kl97o",13,"b4sb3gfg",17,1,90,23,2,5,1,2,10,1,1,1,1,5,8,1,300,5,1,3,"Ob man eher lügt, wenn eine zweite Person dabei ist",2,""
"cg6kl97o",13,"5n2i53ok",17,0,90,23,2,5,2,2,6,1,1,1,1,2,3,2,450,3,1,3,"",2,""
"cg6kl97o",14,"63wo3mgo",10,1,24,27,2,8,2,2,7,1,1,1,1,4,5,3,350,2,1,2,"",2,""
"cg6kl97o",14,"60x2ki1d",10,0,8,26,2,7,2,1,5,1,1,1,1,6,3,2,300,4,1,5,"",2,""
"cg6kl97o",15,"1lmu65wf",10,1,10,26,1,6,2,2,3,1,1,1,1,1,3,1,100,5,1,3,"",2,""
"cg6kl97o",15,"qs4pqmpv",10,0,65,27,1,6,1,2,7,5,1,1,2,7,2,7,300,3,1,4,"ob Menschen zum eigenen Vorteil lügen",2,""
"cg6kl97o",16,"7eycqshz",60,1,80,21,1,2,4,2,7,3,3,3,3,7,4,3,300,5,1,4,"",2,""
"cg6kl97o",16,"ir7bl3ll",60,1,95,20,2,2,4,2,6,1,1,1,1,7,6,3,1000,4,1,3,"",2,""
"cg6kl97o",17,"r2mpzvzr",60,0,80,34,2,3,5,1,9,2,2,3,2,9,8,3,700,5,1,5,"Risiko und Schadenshöhe im Verhältnis",2,""
"cg6kl97o",17,"ro6vsos1",60,0,80,19,2,2,4,2,4,4,1,3,2,8,4,3,350,2,3,3,"Wie moralisch sind morlisch scheinende Menschen wirklich",2,""
"cg6kl97o",18,"mkjmtsw4",30,1,80,27,2,7,2,2,6,5,4,1,3,5,6,5,0,4,1,4,"Lügen zum eigenen Vorteil, einem anderen Lügner vertrauen, dass er dieselbe abgesprochene Lüge übermittelt",2,""
"cg6kl97o",18,"eemaunaj",30,1,40,24,1,3,2,1,7,7,7,7,7,4,5,2,150,4,1,5,"",2,""
"cg6kl97o",19,"fdsb4aeu",10,0,40,23,2,8,1,2,8,5,2,2,1,3,8,8,600,4,1,4,"ob Leute noch ehrlich handeln, wenn sie mit lügen einen vorteil erlangen",2,""
"cg6kl97o",19,"3upn5xqb",10,1,40,24,1,5,2,2,10,1,1,1,1,2,3,2,120,6,5,5,"Eher geringeren Verdienst durch die Wahrheit oder mehr Verdienst unter dem Risiko, noch geringere Aubeute zu haben",2,""
"cg6kl97o",20,"oo5dkq18",60,0,70,20,2,3,1,1,9,8,1,1,1,10,5,2,400,1,1,3,"",2,""
"cg6kl97o",20,"6g6d5a7b",60,1,95,19,1,2,4,2,7,4,3,4,1,3,6,3,280,6,3,3,"Wer ist bereit zu lügen, wenn eine Chance besteht, dass er nicht dabei erwischt wird?",2,""
"cg6kl97o",21,"c0xvd3ml",30,0,70,32,1,3,5,1,7,3,1,1,1,7,7,4,800,2,1,5,"Wie entscheiden PErsonen, wenn sie miteinander cahtten dürfen.",2,""
"cg6kl97o",21,"e7q60tg3",30,0,80,23,1,9,5,2,4,3,2,2,1,7,7,3,800,3,1,4,"wie ehrlich menschen sind",2,""
"cg6kl97o",22,"6mejt8r0",60,1,95,26,1,3,2,1,7,1,1,1,1,7,6,3,450,5,1,5,"",2,""
"cg6kl97o",22,"yuff5rwb",60,0,80,23,2,6,1,1,8,2,3,3,2,6,3,3,100,5,1,5,"/",2,"/"
"cg6kl97o",23,"rz31r2yo",20,1,95,25,2,5,2,2,5,1,1,1,1,5,4,5,500,4,1,3,"",2,""
"cg6kl97o",23,"j760lah8",20,1,50,25,1,3,5,1,5,5,5,5,5,4,5,5,1000,5,1,3,"",2,""
"d671rbzv",1,"minrdgiv",60,1,80,20,1,2,4,2,6,2,3,5,6,8,3,2,150,7,1,2,"Wahrheitsgemäße Beantwortung von Fragen mit der Möglichkeit zur Lüge und davon ausgehende Gewinnerzielungsabsicht",2,""
"d671rbzv",1,"7ljhgyf5",60,1,60,24,2,3,1,1,7,2,1,2,2,3,2,2,300,3,1,4,"",2,""
"d671rbzv",2,"lnjut9e7",20,0,40,20,2,2,4,2,7,1,1,1,1,9,3,1,300,5,3,1,"",2,""
"d671rbzv",2,"80o18905",20,0,90,39,2,9,1,2,6,1,1,3,3,6,5,7,500,3,1,3,"",2,""
"d671rbzv",3,"2keal9tb",10,0,90,26,1,4,4,2,7,4,1,1,1,2,4,1,500,2,1,3,"Lügen Menschen zum eigenen Vorteil?",2,""
"d671rbzv",3,"xypsflvk",10,1,30,31,1,9,2,1,9,2,1,2,2,6,3,2,1000,2,1,4,"Wie engmaschig muss die Überprüfung sein, damit das Schummeln unbemerkt bleibt?",2,""
"d671rbzv",4,"j0vct995",10,1,50,22,2,3,1,1,2,10,1,1,1,7,5,1,230,2,1,3,"Wie sehr Menschen dazu neigen in der Arbeitswelt mehr Leistung anzugeben, als sie tatsächlich geleistet haben",2,""
"d671rbzv",4,"knx3rpyn",10,0,50,35,1,5,5,2,1,1,1,1,1,5,6,5,600,2,1,5,"",2,""
"d671rbzv",5,"ke0cw37k",60,1,100,25,1,3,1,1,10,1,1,1,1,8,7,1,550,5,1,2,"Risikoaversion bei Kollusion",2,""
"d671rbzv",5,"vhs3e6sz",60,1,80,22,2,4,4,2,8,1,3,1,1,7,8,3,200,3,1,3,"Wie sehr sind Menschen bereit zum eigenen Vorteil zu lügen?",2,""
"d671rbzv",6,"vkw0dkpu",10,1,70,26,1,7,2,2,1,1,1,1,1,4,8,3,300,6,1,5,"Homeoffice Stundenabrechnung",2,""
"d671rbzv",6,"pbfhc88r",10,0,50,36,2,5,1,2,2,2,1,1,1,7,1,1,100,6,1,2,"",2,""
"d671rbzv",7,"nkrw7vrw",60,0,80,22,2,2,4,2,5,5,5,5,1,2,7,6,300,6,1,3,"Wie viele darauf setzen, nicht überprüft zu werden und daher einen höheren Wert angeben. Also generell vllt Risikobereitschaft?",2,""
"d671rbzv",7,"ar52r0i4",60,0,50,25,1,6,2,2,6,1,1,1,1,7,7,1,150,5,1,5,"",2,""
"d671rbzv",8,"3uvm24h4",10,0,50,38,2,9,5,2,1,1,1,1,1,3,1,1,200,5,4,2,"Realität vs. Selbsteinschätzung",2,""
"d671rbzv",8,"zw79htcf",10,0,30,24,2,5,2,1,1,1,1,1,1,4,6,4,1000,5,2,5,"Risikobereitschaft / Lügen zum eigenen Vorteil",2,""
"d671rbzv",9,"d9igv842",60,0,80,24,2,6,2,2,8,1,2,2,3,2,6,3,400,5,2,4,"Die präzise Forschungsfrage kann ich jetzt unter diesem anstrengenden Zeitdruck mit der herunterlaufenden Uhr nicht formulieren. Aber ich denke, es geht darum, wann Leute auf der Arbeit zum eigenen Vorteil lügen würden, auch wenn sie damit ein Risiko eingehen.",1,"Ich habe nicht über das Experiment geschrieben."
"d671rbzv",9,"yuftp90m",60,0,95,25,2,7,2,2,6,2,1,1,1,3,3,1,200,5,1,5,"Verhalten bei Regelbruch zusammen mit einer anderen Person, quasi mit einem Mitwisser",2,""
"d671rbzv",10,"h0kg09wy",10,0,15,24,2,7,4,2,2,2,3,1,1,4,6,4,50,4,1,5,"Ob alle immer die Wahrheit sagen bei der Angabe ihrer Überstunden.",2,""
"d671rbzv",10,"cil2itx1",10,1,20,22,2,7,2,2,6,4,2,1,1,7,5,2,200,3,3,4,"Ich könnte mir vorstellen, dass untersucht wird, ob Mitarbeiter, die entweder im Homeoffice sind oder bei denen nicht die genaue Arbeitszeit erfasst wird, ihre tatsächliche Arbeitszeit angeben oder mehr Stunden als gemacht angeben.",2,""
"d671rbzv",11,"1hsj2093",30,0,85,21,2,6,1,1,10,1,3,1,1,4,4,4,500,4,5,4,"wie sich unser verhalten zu unserem eigenen vorteil zu lügen ändert wenn man einen komplizen hat",2,""
"d671rbzv",11,"707ewyzo",30,0,50,23,2,5,1,1,10,1,2,2,2,5,4,4,190,7,1,5,"Wie viele und welche Menschen neigen dazu zu schummeln wenn sie dadurch mehr Geld verdienen könnten/einen eigenen Vorteil daraus ziehen",2,""
"d671rbzv",12,"as56ihoi",60,0,96,23,2,9,5,1,10,1,1,1,3,4,6,6,1000,2,1,4,"",2,""
"d671rbzv",12,"xi6jcb7e",60,0,90,18,2,2,4,2,1,1,1,1,1,6,4,4,280,3,2,2,"",2,""
"d671rbzv",13,"ptzlbex1",20,0,40,24,2,5,2,2,2,10,8,10,8,3,9,10,300,4,1,2,"Es wird untersucht, wie sich zwei Menschen untereinander absprechen, wenn sie die Möglichkeit erhalten, einen Gewinn durch lügen zu erhalten - unter Beachtung der Risikofreudigkeit.",2,""
"d671rbzv",13,"oqraa9wo",20,1,90,30,2,3,2,2,7,4,2,5,3,3,5,7,150,3,1,4,"",2,""
"d671rbzv",14,"frn8jt81",60,1,60,22,2,6,1,2,7,3,3,6,4,3,6,5,400,2,1,2,"",2,""
"d671rbzv",14,"o3m7yt4g",60,0,100,23,1,5,1,2,10,1,1,1,1,10,8,4,1100,3,1,5,"Wie moralisch Flexibel sind die Teilnehmer",2,""
"d671rbzv",15,"veuxu7aa",30,0,70,24,2,2,4,1,6,1,2,7,8,2,3,2,400,5,1,3,"Homeoffice und Vertrauenswürdigkeit der Mitarbeiter",2,""
"d671rbzv",15,"5td18uwy",30,0,70,21,2,6,2,2,1,1,1,1,1,7,8,9,400,4,1,3,"",2,""
"d671rbzv",16,"iarivh4i",35,0,90,33,2,5,1,2,1,5,1,1,2,1,2,5,200,1,1,5,"",2,""
"d671rbzv",16,"8eobpr3h",35,0,100,20,2,2,4,2,9,10,1,1,1,8,8,4,300,7,4,4,"",2,""
"d671rbzv",17,"6hilavco",30,1,80,22,2,3,1,1,10,1,1,3,2,6,6,4,250,4,1,4,"",2,"Ich habe darüber nachgedacht, mich aber nicht davon beeinflussen lassen."
"d671rbzv",17,"62c24f5i",10,1,65,28,1,3,2,1,5,1,1,1,5,3,3,3,0,4,1,5,"Kooperation bei Betrug",2,""
"d671rbzv",18,"xmmjeixm",60,1,85,24,1,5,5,2,7,1,2,2,2,1,4,4,700,3,1,3,"Ökonomische Entscheidungen, genauer gesagt Untersuchung der Vernachlässigung der Basisrate (Überprüfungswahrscheinlichkeit) und der Loss Aversion",2,""
"d671rbzv",18,"39tbbn1j",60,1,88,25,1,6,4,1,9,1,1,1,1,6,8,4,100,5,1,5,"",2,""
"d671rbzv",19,"iwb8qdxv",10,0,80,18,2,2,4,2,3,7,2,1,1,4,3,1,200,5,2,1,"Bereitschaft zur Vorteiksverschaffung unter Absprache",2,""
"d671rbzv",19,"60o0ap0o",10,0,0,29,2,2,4,2,1,1,1,1,1,10,10,1,300,5,1,5,"Ehrlichkeit und Risikobereitschaft",2,""
"d671rbzv",21,"byuwwhlp",60,1,70,23,2,5,1,2,6,1,7,3,7,2,4,2,50,3,1,2,"",2,""
"d671rbzv",21,"vgx73hhy",60,0,90,28,1,7,1,1,10,1,1,1,1,5,7,4,-100,3,1,5,"",2,""
